disease,disease_type,group_type,feature,feature_type
禽流感,引起鸡冠肿胀的疾病,similar,鸡冠及肉垂肿胀,symptom
禽流感,引起鸡冠肿胀的疾病,similar,呈紫红色,other
禽流感,引起鸡冠肿胀的疾病,similar,眼睑水肿,other
禽流感,引起鸡冠肿胀的疾病,similar,流泪,symptom
禽流感,引起鸡冠肿胀的疾病,different,鸡冠有坏死灶,pathology
禽流感,引起鸡冠肿胀的疾病,different,趾及腿部磷片出血,symptom
禽流感,引起鸡冠肿胀的疾病,different,全身浆膜粘膜及内脏严重广泛出血,symptom
禽流感,引起鸡冠肿胀的疾病,different,喉部有明显肿胀,symptom
禽流感,引起鸡冠肿胀的疾病,different,鼻孔常有血色分泌物,other
禽霍乱,引起鸡冠肿胀的疾病,similar,鸡冠及肉垂肿胀,symptom
禽霍乱,引起鸡冠肿胀的疾病,similar,呈紫黑色,other
禽霍乱,引起鸡冠肿胀的疾病,different,16周龄以前的鸡较少发生,age_feature
禽霍乱,引起鸡冠肿胀的疾病,different,发病突然,other
禽霍乱,引起鸡冠肿胀的疾病,different,死亡多为强壮鸡,other
禽霍乱,引起鸡冠肿胀的疾病,different,高产鸡,other
禽霍乱,引起鸡冠肿胀的疾病,different,排绿色稀粪,symptom
禽霍乱,引起鸡冠肿胀的疾病,different,剖检变化为心冠脂肪出血,symptom
禽霍乱,引起鸡冠肿胀的疾病,different,肝脏出血,symptom
禽霍乱,引起鸡冠肿胀的疾病,different,十二指肠弥漫性出血,symptom
禽霍乱,引起鸡冠肿胀的疾病,different,慢性可见关节炎-,symptom
鸡痘,引起鸡冠肿胀的疾病,similar,皮肤型鸡痘头部,other
鸡痘,引起鸡冠肿胀的疾病,similar,鸡冠,other
鸡痘,引起鸡冠肿胀的疾病,similar,肉垂,other
鸡痘,引起鸡冠肿胀的疾病,similar,口角,other
鸡痘,引起鸡冠肿胀的疾病,similar,眼部位有痘疹,other
鸡痘,引起鸡冠肿胀的疾病,similar,黏膜型鸡痘眼脸肿胀,symptom
鸡痘,引起鸡冠肿胀的疾病,similar,流泪,symptom
鸡痘,引起鸡冠肿胀的疾病,similar,有粘性分泌物,other
鸡痘,引起鸡冠肿胀的疾病,different,皮肤型鸡痘无毛部皮肤及肛门周围,other
鸡痘,引起鸡冠肿胀的疾病,different,翅膀内侧均见痘疹,other
鸡痘,引起鸡冠肿胀的疾病,different,坏死后有痂皮,pathology
鸡痘,引起鸡冠肿胀的疾病,different,黏膜型在口腔及咽喉粘膜上有白色疽斑,other
鸡痘,引起鸡冠肿胀的疾病,different,突出于粘膜,other
鸡痘,引起鸡冠肿胀的疾病,different,相互融合,other
鸡痘,引起鸡冠肿胀的疾病,different,表面可形成黄白色假膜,other
大肠杆菌,引起鸡冠肿胀的疾病,similar,单侧型眼炎,other
大肠杆菌,引起鸡冠肿胀的疾病,similar,眼睑肿胀,symptom
大肠杆菌,引起鸡冠肿胀的疾病,similar,流泪,symptom
大肠杆菌,引起鸡冠肿胀的疾病,similar,有粘性分泌物,other
大肠杆菌,引起鸡冠肿胀的疾病,different,可引起多种类型病症,other
大肠杆菌,引起鸡冠肿胀的疾病,different,全眼球炎见于30-60日龄雏鸡,age_feature
大肠杆菌,引起鸡冠肿胀的疾病,different,严重的引起失明,other
大肠杆菌,引起鸡冠肿胀的疾病,different,还有败血症,other
大肠杆菌,引起鸡冠肿胀的疾病,different,气囊炎,pathology
大肠杆菌,引起鸡冠肿胀的疾病,different,雏鸡脐炎,age_feature
大肠杆菌,引起鸡冠肿胀的疾病,different,关节炎及肠炎等变化,other
传染性鼻炎,引起鸡冠肿胀的疾病,similar,单侧型眼肿,other
传染性鼻炎,引起鸡冠肿胀的疾病,similar,眶下部,other
传染性鼻炎,引起鸡冠肿胀的疾病,similar,面部肿胀,symptom
传染性鼻炎,引起鸡冠肿胀的疾病,similar,肉垂水肿,other
传染性鼻炎,引起鸡冠肿胀的疾病,different,成年鸡最易感,age_feature
传染性鼻炎,引起鸡冠肿胀的疾病,different,从鼻孔流出浆液性,other
传染性鼻炎,引起鸡冠肿胀的疾病,different,粘液性以至脓性恶臭分泌物,other
传染性鼻炎,引起鸡冠肿胀的疾病,different,鼻腔,other
传染性鼻炎,引起鸡冠肿胀的疾病,different,眶下窦粘腰充血,other
传染性鼻炎,引起鸡冠肿胀的疾病,different,肿胀,symptom
传染性鼻炎,引起鸡冠肿胀的疾病,different,腔窦内蓄积大量粘液,other
传染性鼻炎,引起鸡冠肿胀的疾病,different,脓性分泌物,other
传染性鼻炎,引起鸡冠肿胀的疾病,different,有时为干酪物,other
传染性鼻炎,引起鸡冠肿胀的疾病,different,眼膜浑浊,other
传染性鼻炎,引起鸡冠肿胀的疾病,different,眼球萎缩,other
鸡败血性支援体病,引起鸡冠肿胀的疾病,similar,颜面,other
鸡败血性支援体病,引起鸡冠肿胀的疾病,similar,眼睑,other
鸡败血性支援体病,引起鸡冠肿胀的疾病,similar,眶下窦肿胀,symptom
鸡败血性支援体病,引起鸡冠肿胀的疾病,similar,流泪,symptom
鸡败血性支援体病,引起鸡冠肿胀的疾病,similar,流鼻涕,other
鸡败血性支援体病,引起鸡冠肿胀的疾病,different,鼻腔,other
鸡败血性支援体病,引起鸡冠肿胀的疾病,different,眶下痘及腭裂蓄积大量粘液,other
鸡败血性支援体病,引起鸡冠肿胀的疾病,different,干酪样物质,other
鸡败血性支援体病,引起鸡冠肿胀的疾病,different,气囊增厚,pathology
鸡败血性支援体病,引起鸡冠肿胀的疾病,different,浑浊,other
鸡败血性支援体病,引起鸡冠肿胀的疾病,different,有泡沫样,other
鸡败血性支援体病,引起鸡冠肿胀的疾病,different,黄色干酪样物质,other
鸡败血性支援体病,引起鸡冠肿胀的疾病,different,肺门部有灰红色肺炎病灶,pathology
肿头综合症,引起鸡冠肿胀的疾病,similar,面部,other
肿头综合症,引起鸡冠肿胀的疾病,similar,眼周围水肿,other
肿头综合症,引起鸡冠肿胀的疾病,different,眼周,other
肿头综合症,引起鸡冠肿胀的疾病,different,肉垂,other
肿头综合症,引起鸡冠肿胀的疾病,different,下颌皮下水肿呈胶冻状,other
肿头综合症,引起鸡冠肿胀的疾病,different,有时为干酪样物质,other
肿头综合症,引起鸡冠肿胀的疾病,different,肠细粘膜水肿,other
肿头综合症,引起鸡冠肿胀的疾病,different,呈黄色胶冻状,other
VA缺乏症,引起鸡冠肿胀的疾病,similar,眼及面部肿胀,symptom
VA缺乏症,引起鸡冠肿胀的疾病,similar,流泪,symptom
VA缺乏症,引起鸡冠肿胀的疾病,similar,流鼻涕,other
VA缺乏症,引起鸡冠肿胀的疾病,different,眼睑肿胀,symptom
VA缺乏症,引起鸡冠肿胀的疾病,different,角膜软化,other
VA缺乏症,引起鸡冠肿胀的疾病,different,穿孔,other
VA缺乏症,引起鸡冠肿胀的疾病,different,眼球凹陷,other
VA缺乏症,引起鸡冠肿胀的疾病,different,失明,other
VA缺乏症,引起鸡冠肿胀的疾病,different,结膜囊内蓄积干酪样物质,other
VA缺乏症,引起鸡冠肿胀的疾病,different,口腔,other
VA缺乏症,引起鸡冠肿胀的疾病,different,食道粘膜有白色小米大结节,pathology
大肠杆菌病,引起腿部肿胀、引起运动性障碍的疾病,similar,关节肿大,other
大肠杆菌病,引起腿部肿胀、引起运动性障碍的疾病,similar,跛行,symptom
大肠杆菌病,引起腿部肿胀、引起运动性障碍的疾病,similar,触诊有波动感,clinical_sign
大肠杆菌病,引起腿部肿胀、引起运动性障碍的疾病,different,切开关节流出浑浊液体,other
大肠杆菌病,引起腿部肿胀、引起运动性障碍的疾病,different,重者关节腔内有干酪样物质,other
大肠杆菌病,引起腿部肿胀、引起运动性障碍的疾病,different,涂片镜检可见革蓝氏阴性小杆菌,symptom
葡萄球菌病,引起腿部肿胀、引起运动性障碍的疾病,similar,多个关节性肿胀,symptom
葡萄球菌病,引起腿部肿胀、引起运动性障碍的疾病,similar,以跗,other
葡萄球菌病,引起腿部肿胀、引起运动性障碍的疾病,similar,趾关节多见,other
葡萄球菌病,引起腿部肿胀、引起运动性障碍的疾病,similar,病鸡跛行,symptom
葡萄球菌病,引起腿部肿胀、引起运动性障碍的疾病,similar,不愿意站立走动,other
葡萄球菌病,引起腿部肿胀、引起运动性障碍的疾病,different,关节肿胀紫红,symptom
葡萄球菌病,引起腿部肿胀、引起运动性障碍的疾病,different,逐渐化脓,other
葡萄球菌病,引起腿部肿胀、引起运动性障碍的疾病,different,有的形成趾瘤,other
葡萄球菌病,引起腿部肿胀、引起运动性障碍的疾病,different,切开关节后,other
葡萄球菌病,引起腿部肿胀、引起运动性障碍的疾病,different,流出黄色脓汁,other
葡萄球菌病,引起腿部肿胀、引起运动性障碍的疾病,different,涂片镜检可见大量葡萄球菌,symptom
滑液囊关节炎,引起腿部肿胀、引起运动性障碍的疾病,similar,跗关节肿胀,symptom
滑液囊关节炎,引起腿部肿胀、引起运动性障碍的疾病,similar,触诊有波动感,clinical_sign
滑液囊关节炎,引起腿部肿胀、引起运动性障碍的疾病,similar,热感,other
滑液囊关节炎,引起腿部肿胀、引起运动性障碍的疾病,similar,站立,other
滑液囊关节炎,引起腿部肿胀、引起运动性障碍的疾病,similar,运动困难,other
滑液囊关节炎,引起腿部肿胀、引起运动性障碍的疾病,different,切开后关节囊内有粘稠液体,other
滑液囊关节炎,引起腿部肿胀、引起运动性障碍的疾病,different,干酪样物质,other
滑液囊关节炎,引起腿部肿胀、引起运动性障碍的疾病,different,多发于4-16周龄,age_feature
滑液囊关节炎,引起腿部肿胀、引起运动性障碍的疾病,different,偶尔见于成年鸡,age_feature
病毒性关节炎,引起腿部肿胀、引起运动性障碍的疾病,similar,跗关节及后侧腓肠肌腱,other
病毒性关节炎,引起腿部肿胀、引起运动性障碍的疾病,similar,腱鞘肿胀,symptom
病毒性关节炎,引起腿部肿胀、引起运动性障碍的疾病,similar,表现为拐腿,symptom
病毒性关节炎,引起腿部肿胀、引起运动性障碍的疾病,similar,跛行,symptom
病毒性关节炎,引起腿部肿胀、引起运动性障碍的疾病,similar,重者不能站立,other
病毒性关节炎,引起腿部肿胀、引起运动性障碍的疾病,different,多为侧性跗关节与腓肠肌腱肿胀,symptom
病毒性关节炎,引起腿部肿胀、引起运动性障碍的疾病,different,关节腔积液呈草黄色,other
病毒性关节炎,引起腿部肿胀、引起运动性障碍的疾病,different,淡红色,other
病毒性关节炎,引起腿部肿胀、引起运动性障碍的疾病,different,有时腓肠肌腱断裂,other
病毒性关节炎,引起腿部肿胀、引起运动性障碍的疾病,different,出血,symptom
病毒性关节炎,引起腿部肿胀、引起运动性障碍的疾病,different,外观病变部位呈青紫色,pathology
关节痛风,引起腿部肿胀、引起运动性障碍的疾病,similar,四肢关节肿胀,symptom
关节痛风,引起腿部肿胀、引起运动性障碍的疾病,similar,有的肢掌趾关节肿胀,symptom
关节痛风,引起腿部肿胀、引起运动性障碍的疾病,similar,走路不稳,other
关节痛风,引起腿部肿胀、引起运动性障碍的疾病,similar,跛行,symptom
关节痛风,引起腿部肿胀、引起运动性障碍的疾病,similar,重者不能站立,other
关节痛风,引起腿部肿胀、引起运动性障碍的疾病,different,关节囊内有淡黄,other
关节痛风,引起腿部肿胀、引起运动性障碍的疾病,different,灰色石灰乳样尿酸盐沉积,other
胆碱缺乏症,引起腿部肿胀、引起运动性障碍的疾病,similar,跗关节轻度肿大,other
胆碱缺乏症,引起腿部肿胀、引起运动性障碍的疾病,similar,周围点状出血,symptom
胆碱缺乏症,引起腿部肿胀、引起运动性障碍的疾病,similar,长骨短粗,other
胆碱缺乏症,引起腿部肿胀、引起运动性障碍的疾病,similar,跖骨变形变曲,other
胆碱缺乏症,引起腿部肿胀、引起运动性障碍的疾病,different,雏鸡,age_feature
胆碱缺乏症,引起腿部肿胀、引起运动性障碍的疾病,different,青年鸡可见滑腱症（骨骼畸形）,symptom
胆碱缺乏症,引起腿部肿胀、引起运动性障碍的疾病,different,肝脂肪含量增多,other
胆碱缺乏症,引起腿部肿胀、引起运动性障碍的疾病,different,成年鸡主要表现为机体脂肪过度沉积,symptom
胆碱缺乏症,引起腿部肿胀、引起运动性障碍的疾病,different,一般无关节病变,pathology
VB2缺乏症,引起腿部肿胀、引起运动性障碍的疾病,similar,跗趾关节肿胀,symptom
VB2缺乏症,引起腿部肿胀、引起运动性障碍的疾病,similar,肢趾向内卷曲成拳状,other
VB2缺乏症,引起腿部肿胀、引起运动性障碍的疾病,similar,即“卷爪”,other
VB2缺乏症,引起腿部肿胀、引起运动性障碍的疾病,different,双脚不能站立,other
VB2缺乏症,引起腿部肿胀、引起运动性障碍的疾病,different,行走困难,other
VB2缺乏症,引起腿部肿胀、引起运动性障碍的疾病,different,两侧坐骨神经,other
VB2缺乏症,引起腿部肿胀、引起运动性障碍的疾病,different,臂神经显著肿大,other
VB2缺乏症,引起腿部肿胀、引起运动性障碍的疾病,different,变软,other
VB2缺乏症,引起腿部肿胀、引起运动性障碍的疾病,different,为正常的4-5倍,other
VB2缺乏症,引起腿部肿胀、引起运动性障碍的疾病,different,胃肠道粘膜萎缩,pathology
VB2缺乏症,引起腿部肿胀、引起运动性障碍的疾病,different,肠内有泡沫状内容物,other
VB2缺乏症,引起腿部肿胀、引起运动性障碍的疾病,different,多办发于育雏期,other
VB2缺乏症,引起腿部肿胀、引起运动性障碍的疾病,different,产蛋高峰期,age_feature
VB6缺乏症,引起腿部肿胀、引起运动性障碍的疾病,similar,长骨短粗,other
VB6缺乏症,引起腿部肿胀、引起运动性障碍的疾病,similar,一般胫骨短粗,other
VB6缺乏症,引起腿部肿胀、引起运动性障碍的疾病,similar,偶尔也会有滑腱症,other
VB6缺乏症,引起腿部肿胀、引起运动性障碍的疾病,different,头颈部麻痹症状,symptom
VB6缺乏症,引起腿部肿胀、引起运动性障碍的疾病,different,头无法抬起,other
VB6缺乏症,引起腿部肿胀、引起运动性障碍的疾病,different,向前伸直下垂,other
VB6缺乏症,引起腿部肿胀、引起运动性障碍的疾病,different,喙触地,other
VB6缺乏症,引起腿部肿胀、引起运动性障碍的疾病,different,雏鸡嘴角上下交错,age_feature
MN缺乏症,引起腿部肿胀、引起运动性障碍的疾病,similar,长骨短粗,other
MN缺乏症,引起腿部肿胀、引起运动性障碍的疾病,similar,跗关节明显肿胀,symptom
MN缺乏症,引起腿部肿胀、引起运动性障碍的疾病,similar,腿屈曲无法站立,other
MN缺乏症,引起腿部肿胀、引起运动性障碍的疾病,similar,行走,other
MN缺乏症,引起腿部肿胀、引起运动性障碍的疾病,different,长骨变短粗,other
MN缺乏症,引起腿部肿胀、引起运动性障碍的疾病,different,但不变软脆,other
MN缺乏症,引起腿部肿胀、引起运动性障碍的疾病,different,雏鸡表现为典型的滑腱症,symptom
CA缺乏症,引起腿部肿胀、引起运动性障碍的疾病,similar,跗关节肥大,other
CA缺乏症,引起腿部肿胀、引起运动性障碍的疾病,similar,腿枝短粗,other
CA缺乏症,引起腿部肿胀、引起运动性障碍的疾病,different,轻者肢,other
CA缺乏症,引起腿部肿胀、引起运动性障碍的疾病,different,腿皮肤有鳞片状皮屑,other
CA缺乏症,引起腿部肿胀、引起运动性障碍的疾病,different,重者腿,other
CA缺乏症,引起腿部肿胀、引起运动性障碍的疾病,different,皮肤严重角化,other
CA缺乏症,引起腿部肿胀、引起运动性障碍的疾病,different,肢掌有裂缝,other
CA缺乏症,引起腿部肿胀、引起运动性障碍的疾病,different,羽毛末端严重缺损,other
CA缺乏症,引起腿部肿胀、引起运动性障碍的疾病,different,尤以翼羽明显,other
鸡新城疫（肺脑型）,引起神经症状的疾病,similar,四肢麻痹,symptom
鸡新城疫（肺脑型）,引起神经症状的疾病,similar,共济失调,other
鸡新城疫（肺脑型）,引起神经症状的疾病,similar,因肌肉痉挛,other
鸡新城疫（肺脑型）,引起神经症状的疾病,similar,震颤,symptom
鸡新城疫（肺脑型）,引起神经症状的疾病,similar,常引起转圈运动,other
鸡新城疫（肺脑型）,引起神经症状的疾病,different,有呼吸道症状,symptom
鸡新城疫（肺脑型）,引起神经症状的疾病,different,剖检见十二指肠,pathology
鸡新城疫（肺脑型）,引起神经症状的疾病,different,卵黄蒂后2-3CM,other
鸡新城疫（肺脑型）,引起神经症状的疾病,different,回盲处淋巴滤泡肿胀,symptom
鸡新城疫（肺脑型）,引起神经症状的疾病,different,出血,symptom
鸡新城疫（肺脑型）,引起神经症状的疾病,different,溃疡,pathology
鸡新城疫（肺脑型）,引起神经症状的疾病,different,腺胃乳头顶端出血,symptom
鸡新城疫（肺脑型）,引起神经症状的疾病,different,溃疡,pathology
鸡新城疫（肺脑型）,引起神经症状的疾病,different,各日龄段均可发病,age_feature
马立克氏病（神经型）,引起神经症状的疾病,similar,轻者运动失调,other
马立克氏病（神经型）,引起神经症状的疾病,similar,步态异常,other
马立克氏病（神经型）,引起神经症状的疾病,similar,重者瘫痪,symptom
马立克氏病（神经型）,引起神经症状的疾病,similar,呈“劈叉”病症,other
马立克氏病（神经型）,引起神经症状的疾病,different,特征性“劈叉”姿势,other
马立克氏病（神经型）,引起神经症状的疾病,different,剖检见腰荐神经丛,pathology
马立克氏病（神经型）,引起神经症状的疾病,different,臂神经丛,other
马立克氏病（神经型）,引起神经症状的疾病,different,坐骨神经均呈单侧性肿粗,other
马立克氏病（神经型）,引起神经症状的疾病,different,神经的横纹消失,other
马立克氏病（神经型）,引起神经症状的疾病,different,多发于青年鸡,age_feature
鸡传染性脑脊髓炎,引起神经症状的疾病,similar,共济失调,other
鸡传染性脑脊髓炎,引起神经症状的疾病,similar,走路前后摇晃,other
鸡传染性脑脊髓炎,引起神经症状的疾病,similar,步态不稳,other
鸡传染性脑脊髓炎,引起神经症状的疾病,similar,以跗关节,other
鸡传染性脑脊髓炎,引起神经症状的疾病,similar,翅膀支撑前行,other
鸡传染性脑脊髓炎,引起神经症状的疾病,different,头颈部震颤,symptom
鸡传染性脑脊髓炎,引起神经症状的疾病,different,尤其在受惊后,other
鸡传染性脑脊髓炎,引起神经症状的疾病,different,将鸡倒提起时,other
鸡传染性脑脊髓炎,引起神经症状的疾病,different,震颤加强,symptom
鸡传染性脑脊髓炎,引起神经症状的疾病,different,剖检见脑水肿,pathology
鸡传染性脑脊髓炎,引起神经症状的疾病,different,充血,other
鸡传染性脑脊髓炎,引起神经症状的疾病,different,但无出血现象,symptom
鸡传染性脑脊髓炎,引起神经症状的疾病,different,肌胃内有细小的灰白色病变区,pathology
鸡传染性脑脊髓炎,引起神经症状的疾病,different,多发于三周龄以内的雏鸡,age_feature
禽流感,引起神经症状的疾病,similar,翅麻痹,symptom
禽流感,引起神经症状的疾病,similar,轻瘫,other
禽流感,引起神经症状的疾病,different,胸肌,other
禽流感,引起神经症状的疾病,different,腿肌出血,symptom
禽流感,引起神经症状的疾病,different,胸骨内侧胰腺边缘出血,symptom
禽流感,引起神经症状的疾病,different,肌胃角质膜下出血明显,symptom
禽流感,引起神经症状的疾病,different,输卵管内有鼻涕样液体,pathology
大肠杆菌病（脑炎型）,引起神经症状的疾病,similar,垂头,other
大肠杆菌病（脑炎型）,引起神经症状的疾病,similar,昏睡状,other
大肠杆菌病（脑炎型）,引起神经症状的疾病,similar,有的鸡有歪头,other
大肠杆菌病（脑炎型）,引起神经症状的疾病,similar,斜颈共济失调,other
大肠杆菌病（脑炎型）,引起神经症状的疾病,similar,抽搐症状,symptom
大肠杆菌病（脑炎型）,引起神经症状的疾病,different,脑膜充血,other
大肠杆菌病（脑炎型）,引起神经症状的疾病,different,出血,symptom
大肠杆菌病（脑炎型）,引起神经症状的疾病,different,小脑膜及实质有许多针尖大小出血点,symptom
大肠杆菌病（脑炎型）,引起神经症状的疾病,different,涂片染色,lab_feature
大肠杆菌病（脑炎型）,引起神经症状的疾病,different,镜检可见革蓝氏阴性小杆菌,symptom
食盐中毒,引起神经症状的疾病,similar,高度兴奋,other
食盐中毒,引起神经症状的疾病,similar,奔跑,other
食盐中毒,引起神经症状的疾病,similar,重者倒地仰卧,other
食盐中毒,引起神经症状的疾病,similar,抽搐,symptom
食盐中毒,引起神经症状的疾病,different,抢水严重,other
食盐中毒,引起神经症状的疾病,different,伴有严重腹泻,symptom
食盐中毒,引起神经症状的疾病,different,剖检脑膜充血,pathology
食盐中毒,引起神经症状的疾病,different,水肿,other
食盐中毒,引起神经症状的疾病,different,出血,symptom
叶酸缺乏症,引起神经症状的疾病,similar,颈部肌肉麻痹,symptom
叶酸缺乏症,引起神经症状的疾病,similar,抬头向前平伸,other
叶酸缺乏症,引起神经症状的疾病,similar,啄着地,other
叶酸缺乏症,引起神经症状的疾病,different,软颈”症状与肉毒中毒相似,symptom
叶酸缺乏症,引起神经症状的疾病,different,但病鸡精神尚好,other
叶酸缺乏症,引起神经症状的疾病,different,胫骨短粗,other
叶酸缺乏症,引起神经症状的疾病,different,有时可见滑腱症”,symptom
叶酸缺乏症,引起神经症状的疾病,different,般不易出现叶酸缺乏症,symptom
VE和硒缺乏症（脑软化症）,引起神经症状的疾病,similar,头颈弯曲有时出现角弓反张,symptom
VE和硒缺乏症（脑软化症）,引起神经症状的疾病,similar,两腿痉挛抽搐,symptom
VE和硒缺乏症（脑软化症）,引起神经症状的疾病,similar,行走不稳,other
VE和硒缺乏症（脑软化症）,引起神经症状的疾病,similar,瘫痪,symptom
VE和硒缺乏症（脑软化症）,引起神经症状的疾病,different,脑充血,other
VE和硒缺乏症（脑软化症）,引起神经症状的疾病,different,水肿,other
VE和硒缺乏症（脑软化症）,引起神经症状的疾病,different,有散在出血点,symptom
VE和硒缺乏症（脑软化症）,引起神经症状的疾病,different,以小脑尤为明显,other
VE和硒缺乏症（脑软化症）,引起神经症状的疾病,different,大脑后半球有液化灶,other
VE和硒缺乏症（脑软化症）,引起神经症状的疾病,different,脑实质严重软化,other
VE和硒缺乏症（脑软化症）,引起神经症状的疾病,different,呈粥样,other
VE和硒缺乏症（脑软化症）,引起神经症状的疾病,different,肌肉苍白,other
VE和硒缺乏症（脑软化症）,引起神经症状的疾病,different,多见于雏鸡,age_feature
VB1缺乏症,引起神经症状的疾病,similar,抽搐,symptom
VB1缺乏症,引起神经症状的疾病,similar,共济失调,other
VB1缺乏症,引起神经症状的疾病,similar,呈角弓反张症状,symptom
VB1缺乏症,引起神经症状的疾病,different,呈特征性的观星症状,symptom
VB1缺乏症,引起神经症状的疾病,different,剖检可见胃,symptom
VB1缺乏症,引起神经症状的疾病,different,肠道萎缩,pathology
VB1缺乏症,引起神经症状的疾病,different,右心扩张,other
VB1缺乏症,引起神经症状的疾病,different,松弛,other
VB1缺乏症,引起神经症状的疾病,different,雏鸡多为突然发生,age_feature
VB1缺乏症,引起神经症状的疾病,different,成年鸡发病慢,age_feature
VB6缺乏症,引起神经症状的疾病,similar,雏鸡异常兴奋,age_feature
VB6缺乏症,引起神经症状的疾病,similar,盲目奔跑,other
VB6缺乏症,引起神经症状的疾病,similar,共济失调,other
VB6缺乏症,引起神经症状的疾病,similar,腿软,other
VB6缺乏症,引起神经症状的疾病,similar,翅下垂,other
VB6缺乏症,引起神经症状的疾病,similar,以胸着地,other
VB6缺乏症,引起神经症状的疾病,similar,痉挛,other
VB6缺乏症,引起神经症状的疾病,different,长骨短粗,other
VB6缺乏症,引起神经症状的疾病,different,眼睑水肿,other
VB6缺乏症,引起神经症状的疾病,different,肌胃糜烂,other
VB6缺乏症,引起神经症状的疾病,different,产蛋鸡输卵管,pathology
VB6缺乏症,引起神经症状的疾病,different,卵巢,pathology
VB6缺乏症,引起神经症状的疾病,different,肉垂退化,other
鸡新城疫,引起肠炎、下痢的疾病,similar,排绿色稀便,other
鸡新城疫,引起肠炎、下痢的疾病,different,呼吸困难,symptom
鸡新城疫,引起肠炎、下痢的疾病,different,有呼噜声,other
鸡新城疫,引起肠炎、下痢的疾病,different,有甩头,other
鸡新城疫,引起肠炎、下痢的疾病,different,扭颈轻微瘫痪等神经症状,symptom
鸡新城疫,引起肠炎、下痢的疾病,different,喉头气管内有大量粘液,other
鸡新城疫,引起肠炎、下痢的疾病,different,消化道粘膜肿胀,symptom
鸡新城疫,引起肠炎、下痢的疾病,different,出血,symptom
鸡新城疫,引起肠炎、下痢的疾病,different,溃疡,pathology
大肠杆菌病,引起肠炎、下痢的疾病,similar,急性败血型可见排白色,symptom
大肠杆菌病,引起肠炎、下痢的疾病,similar,黄绿色稀便,other
大肠杆菌病,引起肠炎、下痢的疾病,different,可表现多种类型的病症,symptom
大肠杆菌病,引起肠炎、下痢的疾病,different,"急性败血型主要表现为：三包炎（心包炎,肝周炎,腹膜炎）",symptom
鸡传染性法氏囊病,引起肠炎、下痢的疾病,similar,白色水样下痢,other
鸡传染性法氏囊病,引起肠炎、下痢的疾病,different,3-6周龄多发,age_feature
鸡传染性法氏囊病,引起肠炎、下痢的疾病,different,死亡率高,epidemiology
鸡传染性法氏囊病,引起肠炎、下痢的疾病,different,法氏囊肿胀,symptom
鸡传染性法氏囊病,引起肠炎、下痢的疾病,different,出血,symptom
鸡传染性法氏囊病,引起肠炎、下痢的疾病,different,肌肉於血,other
鸡传染性法氏囊病,引起肠炎、下痢的疾病,different,花斑肾.,other
坏死性肠炎,引起肠炎、下痢的疾病,similar,黑褐色,other
坏死性肠炎,引起肠炎、下痢的疾病,similar,带血色稀粪,symptom
坏死性肠炎,引起肠炎、下痢的疾病,different,小肠中后段肠壁出血,symptom
坏死性肠炎,引起肠炎、下痢的疾病,different,斑点呈不规则型,other
坏死性肠炎,引起肠炎、下痢的疾病,different,肠壁坏死,pathology
坏死性肠炎,引起肠炎、下痢的疾病,different,有土黄色坏死灶,pathology
坏死性肠炎,引起肠炎、下痢的疾病,different,有时有灰黄色厚层假膜,other
坏死性肠炎,引起肠炎、下痢的疾病,different,肝脏可见2-3MM圆形坏死灶,symptom
鸡组织滴虫病,引起肠炎、下痢的疾病,similar,带血稀便,other
鸡组织滴虫病,引起肠炎、下痢的疾病,different,病鸡头部黑紫色,other
鸡组织滴虫病,引起肠炎、下痢的疾病,different,盲肠有出血坏死性肠炎,symptom
鸡组织滴虫病,引起肠炎、下痢的疾病,different,肠内容物凝固,other
鸡组织滴虫病,引起肠炎、下痢的疾病,different,切面呈层状,other
鸡组织滴虫病,引起肠炎、下痢的疾病,different,中心为血凝块,other
鸡组织滴虫病,引起肠炎、下痢的疾病,different,肝脏色黄中心凹陷,pathology
鸡组织滴虫病,引起肠炎、下痢的疾病,different,周围隆起,other
鸡组织滴虫病,引起肠炎、下痢的疾病,different,呈黄绿色碟状坏死灶,pathology
鸡球虫病,引起肠炎、下痢的疾病,similar,排血便,other
鸡球虫病,引起肠炎、下痢的疾病,different,3周龄以下雏鸡多发,age_feature
鸡球虫病,引起肠炎、下痢的疾病,different,为急性经过,other
鸡球虫病,引起肠炎、下痢的疾病,different,死亡率高,epidemiology
鸡球虫病,引起肠炎、下痢的疾病,different,盲肠,pathology
鸡球虫病,引起肠炎、下痢的疾病,different,小肠出现出血性,symptom
鸡球虫病,引起肠炎、下痢的疾病,different,坏死性炎症,pathology
鸡球虫病,引起肠炎、下痢的疾病,different,胃肠壁有白色,other
鸡球虫病,引起肠炎、下痢的疾病,different,红山（暗红）针尖状小点,other
鸡球虫病,引起肠炎、下痢的疾病,different,羽毛蓬松,other
鸡球虫病,引起肠炎、下痢的疾病,different,爱扒料,other
鸡白痢,引起肠炎、下痢的疾病,similar,白色,other
鸡白痢,引起肠炎、下痢的疾病,similar,石膏样稀便,other
鸡白痢,引起肠炎、下痢的疾病,different,急性型多见于2周龄左右的雏鸡,age_feature
鸡白痢,引起肠炎、下痢的疾病,different,脐带红肿,other
鸡白痢,引起肠炎、下痢的疾病,different,卵黄吸收不全,other
鸡白痢,引起肠炎、下痢的疾病,different,慢性可见肝,symptom
鸡白痢,引起肠炎、下痢的疾病,different,心有灰白色坏死点,pathology
鸡白痢,引起肠炎、下痢的疾病,different,有时一侧盲肠内容物凝固,pathology
鸡白痢,引起肠炎、下痢的疾病,different,肠壁增厚,other
鸡白痢,引起肠炎、下痢的疾病,different,成鸡,other
鸡白痢,引起肠炎、下痢的疾病,different,青年鸡多呈隐性感染,age_feature
鸡白痢,引起肠炎、下痢的疾病,different,卵泡萎缩,other
鸡白痢,引起肠炎、下痢的疾病,different,出血,symptom
鸡白痢,引起肠炎、下痢的疾病,different,变形,other
鸡白痢,引起肠炎、下痢的疾病,different,有时脱落,other
鸡白痢,引起肠炎、下痢的疾病,different,破裂引起腹膜炎,other
鸡伤寒,引起肠炎、下痢的疾病,similar,黄绿色稀便,other
鸡伤寒,引起肠炎、下痢的疾病,different,多见于育成鸡,age_feature
鸡伤寒,引起肠炎、下痢的疾病,different,肾脏肿大为正常2-4倍,pathology
鸡伤寒,引起肠炎、下痢的疾病,different,肝脾呈青铜色,other
鸡伤寒,引起肠炎、下痢的疾病,different,有黄白色坏死点,pathology
鸡伤寒,引起肠炎、下痢的疾病,different,卵泡充血,other
鸡伤寒,引起肠炎、下痢的疾病,different,出血,symptom
鸡伤寒,引起肠炎、下痢的疾病,different,有的破裂,other
溃疡性肠炎,引起肠炎、下痢的疾病,similar,白色,other
溃疡性肠炎,引起肠炎、下痢的疾病,similar,黄绿色,other
溃疡性肠炎,引起肠炎、下痢的疾病,similar,淡红色水样带粘液,other
溃疡性肠炎,引起肠炎、下痢的疾病,similar,气泡样下痢,other
溃疡性肠炎,引起肠炎、下痢的疾病,different,小肠,other
溃疡性肠炎,引起肠炎、下痢的疾病,different,盲肠有大量圆形溃疡灶,pathology
溃疡性肠炎,引起肠炎、下痢的疾病,different,中心凹陷,other
溃疡性肠炎,引起肠炎、下痢的疾病,different,有时发生穿孔,other
溃疡性肠炎,引起肠炎、下痢的疾病,different,肝脏黄色,pathology
溃疡性肠炎,引起肠炎、下痢的疾病,different,灰色圆形小病灶,other
溃疡性肠炎,引起肠炎、下痢的疾病,different,大片不规则坏死区,pathology
鸡新城疫,引起呼吸困难的疾病,similar,伸颈呼吸,other
鸡新城疫,引起呼吸困难的疾病,similar,咳嗽,other
鸡新城疫,引起呼吸困难的疾病,similar,甩头,other
鸡新城疫,引起呼吸困难的疾病,different,呼噜,other
鸡新城疫,引起呼吸困难的疾病,different,斜颈歪头,other
鸡新城疫,引起呼吸困难的疾病,different,翼麻痹,symptom
鸡新城疫,引起呼吸困难的疾病,different,产蛋下降,other
鸡新城疫,引起呼吸困难的疾病,different,剖检仅见喉头,pathology
鸡新城疫,引起呼吸困难的疾病,different,气管有粘液,other
鸡新城疫,引起呼吸困难的疾病,different,气管粘膜增厚环状出血,symptom
鸡新城疫,引起呼吸困难的疾病,different,脑有出血点,symptom
鸡传染性鼻炎,引起呼吸困难的疾病,similar,甩鼻,other
鸡传染性鼻炎,引起呼吸困难的疾病,similar,打喷嚏,other
鸡传染性鼻炎,引起呼吸困难的疾病,similar,呼吸困难,symptom
鸡传染性鼻炎,引起呼吸困难的疾病,different,发病率高,epidemiology
鸡传染性鼻炎,引起呼吸困难的疾病,different,死亡率低,epidemiology
鸡传染性鼻炎,引起呼吸困难的疾病,different,鼻塞症状明显,symptom
鸡传染性鼻炎,引起呼吸困难的疾病,different,主要表现流鼻液,symptom
鸡传染性鼻炎,引起呼吸困难的疾病,different,流泪,symptom
鸡传染性鼻炎,引起呼吸困难的疾病,different,剖检鼻腔,pathology
鸡传染性鼻炎,引起呼吸困难的疾病,different,鼻窦粘膜红肿,other
鸡传染性鼻炎,引起呼吸困难的疾病,different,黄色干酪样物质,other
鸡传染性鼻炎,引起呼吸困难的疾病,different,脸肿但软,other
鸡败血霉形体病,引起呼吸困难的疾病,similar,喷嚏,other
鸡败血霉形体病,引起呼吸困难的疾病,similar,呼吸啰音,other
鸡败血霉形体病,引起呼吸困难的疾病,different,呼吸有罗音,other
鸡败血霉形体病,引起呼吸困难的疾病,different,眼角流泡沫样液体,other
鸡败血霉形体病,引起呼吸困难的疾病,different,气囊增厚,pathology
鸡败血霉形体病,引起呼吸困难的疾病,different,浑浊,other
鸡败血霉形体病,引起呼吸困难的疾病,different,有泡沫样,other
鸡败血霉形体病,引起呼吸困难的疾病,different,干酪样物质偶尔脸肿大,other
鸡败血霉形体病,引起呼吸困难的疾病,different,较硬,other
鸡传染性支气管,引起呼吸困难的疾病,similar,咳嗽,other
鸡传染性支气管,引起呼吸困难的疾病,similar,打喷嚏,other
鸡传染性支气管,引起呼吸困难的疾病,similar,呼吸困难,symptom
鸡传染性支气管,引起呼吸困难的疾病,similar,怪叫,other
鸡传染性支气管,引起呼吸困难的疾病,different,传播快,epidemiology
鸡传染性支气管,引起呼吸困难的疾病,different,呼吸时发出异常声音,other
鸡传染性支气管,引起呼吸困难的疾病,different,喉头,other
鸡传染性支气管,引起呼吸困难的疾病,different,支气管粘液增多,other
鸡传染性支气管,引起呼吸困难的疾病,different,气管由上自下粘液明显增多,other
鸡传染性支气管,引起呼吸困难的疾病,different,时常会在支气管的三叉口出现栓塞,symptom
鸡传染性支气管,引起呼吸困难的疾病,different,部分病鸡前期的时候在肺部,pathology
鸡传染性支气管,引起呼吸困难的疾病,different,气管的交接出会有白色的黏液状物质,other
鸡传染性支气管,引起呼吸困难的疾病,different,中后期就会变成硬块堵死气管,other
鸡传染性喉气管,引起呼吸困难的疾病,similar,咳嗽,other
鸡传染性喉气管,引起呼吸困难的疾病,similar,打喷嚏,other
鸡传染性喉气管,引起呼吸困难的疾病,similar,呼吸困难,symptom
鸡传染性喉气管,引起呼吸困难的疾病,similar,怪叫,other
鸡传染性喉气管,引起呼吸困难的疾病,different,发病迅速,other
鸡传染性喉气管,引起呼吸困难的疾病,different,张口伸颈,other
鸡传染性喉气管,引起呼吸困难的疾病,different,死亡快,other
鸡传染性喉气管,引起呼吸困难的疾病,different,咳出带血的粘液,other
鸡传染性喉气管,引起呼吸困难的疾病,different,喉头,other
鸡传染性喉气管,引起呼吸困难的疾病,different,气管出血,symptom
鸡传染性喉气管,引起呼吸困难的疾病,different,有大量黏液,other
鸡传染性喉气管,引起呼吸困难的疾病,different,血凝块,other
鸡痘（喉痘型）,引起呼吸困难的疾病,similar,呼吸困难,symptom
鸡痘（喉痘型）,引起呼吸困难的疾病,similar,张口呼吸,other
鸡痘（喉痘型）,引起呼吸困难的疾病,different,呼吸及吞咽困难,other
鸡痘（喉痘型）,引起呼吸困难的疾病,different,窒息死亡,other
鸡痘（喉痘型）,引起呼吸困难的疾病,different,口腔及咽喉部粘膜出现痘疹,symptom
鸡痘（喉痘型）,引起呼吸困难的疾病,different,假膜,other
鸡痘（喉痘型）,引起呼吸困难的疾病,different,混合其他病型,other
鸡痘（喉痘型）,引起呼吸困难的疾病,different,还可见少毛,symptom
鸡痘（喉痘型）,引起呼吸困难的疾病,different,无毛的皮肤处出现痘,symptom
禽流感,引起呼吸困难的疾病,similar,咳嗽,other
禽流感,引起呼吸困难的疾病,similar,呼吸时有啰音,other
禽流感,引起呼吸困难的疾病,similar,怪叫,other
禽流感,引起呼吸困难的疾病,different,呼吸困难,symptom
禽流感,引起呼吸困难的疾病,different,气管有环状出血及分泌物,symptom
禽流感,引起呼吸困难的疾病,different,病禽发烧,other
禽流感,引起呼吸困难的疾病,different,产蛋率下降幅度较大,other
禽流感,引起呼吸困难的疾病,different,软壳蛋多,other
禽流感,引起呼吸困难的疾病,different,有时见输卵管炎,pathology
鸡白痢,引起肺脏、气囊病变的疾病,similar,肺有大小不等,pathology
鸡白痢,引起肺脏、气囊病变的疾病,similar,黄白色坏死结节,pathology
鸡白痢,引起肺脏、气囊病变的疾病,different,多发于2周龄以内的雏鸡,age_feature
鸡白痢,引起肺脏、气囊病变的疾病,different,拉白色糊状粪,other
鸡白痢,引起肺脏、气囊病变的疾病,different,心脏,pathology
鸡白痢,引起肺脏、气囊病变的疾病,different,肝脏也有坏死结节,pathology
鸡败血性霉形体病,引起肺脏、气囊病变的疾病,similar,气囊混浊,pathology
鸡败血性霉形体病,引起肺脏、气囊病变的疾病,similar,增厚,other
鸡败血性霉形体病,引起肺脏、气囊病变的疾病,similar,囊腔内有黄色干酪物,other
鸡败血性霉形体病,引起肺脏、气囊病变的疾病,different,多发于4-8周以内的幼鸡,other
鸡败血性霉形体病,引起肺脏、气囊病变的疾病,different,呼吸困难,symptom
鸡败血性霉形体病,引起肺脏、气囊病变的疾病,different,眶下窦肿胀,symptom
鸡败血性霉形体病,引起肺脏、气囊病变的疾病,different,心脏,pathology
鸡败血性霉形体病,引起肺脏、气囊病变的疾病,different,肝脏无病变,pathology
鸡曲霉菌病,引起肺脏、气囊病变的疾病,similar,气囊上有黄灰色,pathology
鸡曲霉菌病,引起肺脏、气囊病变的疾病,similar,大小不等的坏死结节,pathology
鸡曲霉菌病,引起肺脏、气囊病变的疾病,different,多发生雏鸡,age_feature
鸡曲霉菌病,引起肺脏、气囊病变的疾病,different,病鸡呼吸困难,symptom
鸡曲霉菌病,引起肺脏、气囊病变的疾病,different,胸壁上也有坏死结节,pathology
鸡曲霉菌病,引起肺脏、气囊病变的疾病,different,柔软而富有弹性,other
鸡曲霉菌病,引起肺脏、气囊病变的疾病,different,内容物呈干酪样,other
鸡曲霉菌病,引起肺脏、气囊病变的疾病,different,可见霉菌斑,symptom
鸡曲霉菌病,引起肺脏、气囊病变的疾病,different,镜检可见霉菌菌丝及孢子,symptom
鸡霍乱,引起肝脏发生病变的疾病,similar,肝肿大,other
鸡霍乱,引起肝脏发生病变的疾病,similar,表面布满黄白色针尖大坏死点,pathology
鸡霍乱,引起肝脏发生病变的疾病,different,成年鸡易发,age_feature
鸡霍乱,引起肝脏发生病变的疾病,different,常突然发病,other
鸡霍乱,引起肝脏发生病变的疾病,different,死亡多为壮鸡,other
鸡霍乱,引起肝脏发生病变的疾病,different,心冠脂肪,other
鸡霍乱,引起肝脏发生病变的疾病,different,心外膜有大量出血点,symptom
鸡霍乱,引起肝脏发生病变的疾病,different,十二指肠严重出血,symptom
鸡沙门氏杆菌,引起肝脏发生病变的疾病,similar,肝肿大,other
鸡沙门氏杆菌,引起肝脏发生病变的疾病,similar,表面布满灰白色针尖大坏死点,pathology
鸡沙门氏杆菌,引起肝脏发生病变的疾病,different,多发生于雏鸡,age_feature
鸡沙门氏杆菌,引起肝脏发生病变的疾病,different,青年鸡,age_feature
鸡沙门氏杆菌,引起肝脏发生病变的疾病,different,雏鸡拉白色的糊状粪,age_feature
鸡沙门氏杆菌,引起肝脏发生病变的疾病,different,肺上也有坏死灶,pathology
鸡沙门氏杆菌,引起肝脏发生病变的疾病,different,青年鸡的肝有时呈铜绿色,age_feature
鸡大肠杆菌,引起肝脏发生病变的疾病,similar,肝肿大,other
鸡大肠杆菌,引起肝脏发生病变的疾病,similar,表面有一层灰白色薄膜,other
鸡大肠杆菌,引起肝脏发生病变的疾病,similar,即肝周炎,other
鸡大肠杆菌,引起肝脏发生病变的疾病,different,各个阶段的鸡都易发,other
鸡大肠杆菌,引起肝脏发生病变的疾病,different,有纤维素性心包炎,other
鸡大肠杆菌,引起肝脏发生病变的疾病,different,肝周炎,other
鸡大肠杆菌,引起肝脏发生病变的疾病,different,腹膜炎,other
鸡弯曲菌肝炎,引起肝脏发生病变的疾病,similar,肝肿大,other
鸡弯曲菌肝炎,引起肝脏发生病变的疾病,similar,表面,other
鸡弯曲菌肝炎,引起肝脏发生病变的疾病,similar,实质内有黄色,other
鸡弯曲菌肝炎,引起肝脏发生病变的疾病,similar,星芒状的小坏死灶,pathology
鸡弯曲菌肝炎,引起肝脏发生病变的疾病,different,多发生于青年鸡,age_feature
鸡弯曲菌肝炎,引起肝脏发生病变的疾病,different,新开产的母鸡,other
鸡弯曲菌肝炎,引起肝脏发生病变的疾病,different,肝脏被膜下有出血区形成水肿,symptom
鸡组织滴虫病,引起肝脏发生病变的疾病,similar,肝肿大,other
鸡组织滴虫病,引起肝脏发生病变的疾病,similar,表面有圆形,other
鸡组织滴虫病,引起肝脏发生病变的疾病,similar,不规则形状中心凹陷,other
鸡组织滴虫病,引起肝脏发生病变的疾病,similar,周边隆起的溃疡灶,pathology
鸡组织滴虫病,引起肝脏发生病变的疾病,different,多发生于8周龄至四月龄的鸡,age_feature
鸡组织滴虫病,引起肝脏发生病变的疾病,different,一侧盲肠肿大,pathology
鸡组织滴虫病,引起肝脏发生病变的疾病,different,内有香肠状的干酪样凝固栓子,other
鸡组织滴虫病,引起肝脏发生病变的疾病,different,切开呈同心圆状,other
鸡马立克氏病（内脏型）,引起肝脏发生病变的疾病,similar,肝肿大,other
鸡马立克氏病（内脏型）,引起肝脏发生病变的疾病,similar,表面有灰白色肿瘤结节,pathology
鸡马立克氏病（内脏型）,引起肝脏发生病变的疾病,different,多发于6-18周龄的鸡,age_feature
鸡马立克氏病（内脏型）,引起肝脏发生病变的疾病,different,肾等器官也有肿瘤结节,pathology
鸡马立克氏病（内脏型）,引起肝脏发生病变的疾病,different,但法氏囊常萎缩,pathology
鸡脂肪肝出血综合症,引起肝脏发生病变的疾病,similar,肝肿大,other
鸡脂肪肝出血综合症,引起肝脏发生病变的疾病,similar,呈黄色,other
鸡脂肪肝出血综合症,引起肝脏发生病变的疾病,similar,质地松软,other
鸡脂肪肝出血综合症,引起肝脏发生病变的疾病,similar,表面有小出血点,symptom
鸡脂肪肝出血综合症,引起肝脏发生病变的疾病,different,多发于成年鸡,age_feature
鸡脂肪肝出血综合症,引起肝脏发生病变的疾病,different,鸡冠,other
鸡脂肪肝出血综合症,引起肝脏发生病变的疾病,different,肉髯,other
鸡脂肪肝出血综合症,引起肝脏发生病变的疾病,different,肌肉苍白贫血,other
鸡脂肪肝出血综合症,引起肝脏发生病变的疾病,different,肝脏出血腹腔内有血凝块,symptom
鸡脂肪肝出血综合症,引起肝脏发生病变的疾病,different,血水,other
鸡脂肪肝出血综合症,引起肝脏发生病变的疾病,different,腹腔,other
鸡脂肪肝出血综合症,引起肝脏发生病变的疾病,different,肠系粘膜有大量脂肪沉积,other
鸡传染性法氏囊病,引起肾脏病变的疾病,similar,排白色水样粪便肾肿,other
鸡传染性法氏囊病,引起肾脏病变的疾病,similar,有白色尿酸盐沉积,other
鸡传染性法氏囊病,引起肾脏病变的疾病,similar,呈花斑状,other
鸡传染性法氏囊病,引起肾脏病变的疾病,different,3-6周龄雏鸡多发,age_feature
鸡传染性法氏囊病,引起肾脏病变的疾病,different,死亡率高,epidemiology
鸡传染性法氏囊病,引起肾脏病变的疾病,different,法氏囊肿胀,symptom
鸡传染性法氏囊病,引起肾脏病变的疾病,different,出血,symptom
鸡传染性法氏囊病,引起肾脏病变的疾病,different,内有果酱样物,other
鸡传染性法氏囊病,引起肾脏病变的疾病,different,胸部及腿部肌肉出血,symptom
鸡传染性支气管炎（肾型）,引起肾脏病变的疾病,similar,排白色水样稀便,other
鸡传染性支气管炎（肾型）,引起肾脏病变的疾病,similar,肾脏肿大,pathology
鸡传染性支气管炎（肾型）,引起肾脏病变的疾病,similar,颜色变淡,other
鸡传染性支气管炎（肾型）,引起肾脏病变的疾病,similar,有大量尿酸盐沉积,other
鸡传染性支气管炎（肾型）,引起肾脏病变的疾病,different,多见于3-10周龄鸡,age_feature
鸡传染性支气管炎（肾型）,引起肾脏病变的疾病,different,两侧肾脏肿胀严重,symptom
鸡传染性支气管炎（肾型）,引起肾脏病变的疾病,different,有尿酸盐沉着,other
鸡传染性支气管炎（肾型）,引起肾脏病变的疾病,different,质地坚硬,other
鸡传染性支气管炎（肾型）,引起肾脏病变的疾病,different,死亡率高,epidemiology
鸡传染性支气管炎（肾型）,引起肾脏病变的疾病,different,成年鸡产蛋量下降,age_feature
鸡传染性支气管炎（肾型）,引起肾脏病变的疾病,different,蛋壳粗糙,other
鸡传染性支气管炎（肾型）,引起肾脏病变的疾病,different,产畸形蛋,other
鸡传染性支气管炎（肾型）,引起肾脏病变的疾病,different,病鸡康复后产蛋量难以恢复到原有水平,epidemiology
痛风,引起肾脏病变的疾病,similar,排白色石灰样稀粪,symptom
痛风,引起肾脏病变的疾病,similar,肾肿,other
痛风,引起肾脏病变的疾病,similar,有大量尿酸盐沉积,other
痛风,引起肾脏病变的疾病,different,肾脏颜色变黄,pathology
痛风,引起肾脏病变的疾病,different,有大量尿酸盐趁着,other
痛风,引起肾脏病变的疾病,different,通常一侧萎缩,other
痛风,引起肾脏病变的疾病,different,另一侧明显肿胀,symptom
痛风,引起肾脏病变的疾病,different,输尿管增粗,other
痛风,引起肾脏病变的疾病,different,有大量白色尿酸盐,other
痛风,引起肾脏病变的疾病,different,有时可见结石,symptom
痛风,引起肾脏病变的疾病,different,心外膜,other
痛风,引起肾脏病变的疾病,different,心包腔肝被膜均见有大量尿酸盐覆盖,other
鸡病毒性肾炎,引起肾脏病变的疾病,similar,肾不肿,other
鸡病毒性肾炎,引起肾脏病变的疾病,similar,稍肿,other
鸡病毒性肾炎,引起肾脏病变的疾病,similar,颜色变淡,other
鸡病毒性肾炎,引起肾脏病变的疾病,similar,呈淡黄色,other
鸡病毒性肾炎,引起肾脏病变的疾病,similar,排白色稀粪,symptom
鸡病毒性肾炎,引起肾脏病变的疾病,different,1日龄鸡最易感染,age_feature
鸡病毒性肾炎,引起肾脏病变的疾病,different,成年鸡呈隐性感染,age_feature
鸡病毒性肾炎,引起肾脏病变的疾病,different,不出现肾炎病变,symptom
鸡病毒性肾炎,引起肾脏病变的疾病,different,内脏可见尿酸盐沉积,symptom
鸡病毒性肾炎,引起肾脏病变的疾病,different,特征性症状是生长发育停滞,symptom
鸡病毒性肾炎,引起肾脏病变的疾病,different,产蛋量下降,other
鸡病毒性肾炎,引起肾脏病变的疾病,different,而蛋品质没有变化,other
